ID,Description,GeneRatio,BgRatio,pvalue,p.adjust,qvalue,geneID,Count
GO:1901699,cellular response to nitrogen compound,6/13,420/10799,4.542562596573395e-6,0.0032343045687602576,0.0022473730740942065,PTPN2/NSMF/SLC26A6/PDXP/IRF3/NSG1,6
GO:0071417,cellular response to organonitrogen compound,5/13,391/10799,6.137445467097768e-5,0.021849305862868054,0.01518210194492606,PTPN2/NSMF/SLC26A6/PDXP/NSG1,5
