ID,Description,GeneRatio,BgRatio,pvalue,p.adjust,qvalue,geneID,Count
HALLMARK_KRAS_SIGNALING_UP,HALLMARK_KRAS_SIGNALING_UP,13/79,117/3205,3.6169933501432393e-6,1.374457473054431e-4,9.899139695128865e-5,1848/2118/2119/7462/2012/5329/8829/3394/10912/5328/1437/2115/3481,13
HALLMARK_ANGIOGENESIS,HALLMARK_ANGIOGENESIS,4/79,13/3205,2.0655553165908514e-4,0.003924555101522617,0.002826549380598007,6781/8829/5154/3714,4
HALLMARK_TNFA_SIGNALING_VIA_NFKB,HALLMARK_TNFA_SIGNALING_VIA_NFKB,11/79,163/3205,0.0018638230059306808,0.017904865315408122,0.012895470864282858,22822/1958/1844/7262/1959/2353/8870/5329/1960/5328/1437,11
HALLMARK_COMPLEMENT,HALLMARK_COMPLEMENT,10/79,139/3205,0.0018847226647798023,0.017904865315408122,0.012895470864282858,8851/1848/3001/3684/5329/5641/2153/3002/725/1514,10
HALLMARK_INFLAMMATORY_RESPONSE,HALLMARK_INFLAMMATORY_RESPONSE,9/79,128/3205,0.003750819456651006,0.028506227870547643,0.020530801236405508,10663/3576/5329/5817/136/8578/133/91/9966,9
HALLMARK_EPITHELIAL_MESENCHYMAL_TRANSITION,HALLMARK_EPITHELIAL_MESENCHYMAL_TRANSITION,7/79,94/3205,0.007724942201403233,0.04445365941727579,0.03201648600690223,5270/51330/5159/3576/5329/5817/1000,7
HALLMARK_ESTROGEN_RESPONSE_LATE,HALLMARK_ESTROGEN_RESPONSE_LATE,8/79,119/3205,0.008188831997919224,0.04445365941727579,0.03201648600690223,1844/2353/949/1960/1152/5733/9022/8645,8
