ID,Description,GeneRatio,BgRatio,pvalue,p.adjust,qvalue,geneID,Count
HALLMARK_INTERFERON_ALPHA_RESPONSE,HALLMARK_INTERFERON_ALPHA_RESPONSE,7/44,91/3205,1.9198519785771352e-4,0.005951541133589119,0.0044459730030207345,10964/10561/8638/116071/4599/3437/10544,7
HALLMARK_INTERFERON_GAMMA_RESPONSE,HALLMARK_INTERFERON_GAMMA_RESPONSE,9/44,177/3205,5.149895614582516e-4,0.0079823382026029,0.0059630370274113345,10964/10561/3123/8638/116071/6398/4599/3394/3437,9
