category,subcategory,ID,Description,GeneRatio,BgRatio,pvalue,p.adjust,qvalue,geneID,Count
Organismal Systems,Immune system,hsa04610,Complement and coagulation cascades,7/97,25/5151,2.4608845959981486e-7,4.9217691919962975e-5,4.40368822441774e-5,5270/3684/5329/2153/725/5328/9002,7
Human Diseases,Cancer: overview,hsa05202,Transcriptional misregulation in cancer,13/97,130/5151,7.091408723238391e-7,7.09140872323839e-5,6.344944647108034e-5,1848/2118/6256/2119/3684/3576/3002/5154/4914/10912/5328/1437/2115,13
Environmental Information Processing,Signaling molecules and interaction,hsa04060,Cytokine-cytokine receptor interaction,10/97,133/5151,1.7480780342228505e-4,0.011653853561485671,0.010427132133960862,1230/51330/10663/3576/356/1235/6348/91/1437/9966,10
Environmental Information Processing,Signal transduction,hsa04010,MAPK signaling pathway,12/97,207/5151,4.510644141477556e-4,0.02255322070738778,0.02017919747503117,5922/1848/1844/2353/5159/3815/356/5154/4914/9064/10912/3481,12
Human Diseases,Cancer: overview,hsa05200,Pathways in cancer,16/97,351/5151,7.467036678429096e-4,0.029868146713716383,0.02672413127016729,6256/1030/2353/5159/2947/3576/3815/356/28514/5154/5733/4914/3714/10912/9002/3481,16
Environmental Information Processing,Signal transduction,hsa04014,Ras signaling pathway,9/97,144/5151,0.0014314760608887822,0.04771586869629274,0.042693145675630345,5922/5868/5159/3815/356/399694/5154/4914/3481,9
