category,subcategory,ID,Description,GeneRatio,BgRatio,pvalue,p.adjust,qvalue,geneID,Count
Environmental Information Processing,Signaling molecules and interaction,hsa04060,Cytokine-cytokine receptor interaction,12/103,133/5151,1.1009275595066676e-5,0.0021908458434182687,0.0019121373401957914,729230/1230/51330/3576/1235/970/356/3596/6349/8744/60401/59067,12
Human Diseases,Cancer: overview,hsa05202,Transcriptional misregulation in cancer,11/103,130/5151,4.793711656365477e-5,0.00476974309808365,0.004162960122633178,1848/3684/2118/3576/2119/3002/6256/2115/8350/5328/5154,11
Organismal Systems,Immune system,hsa04610,Complement and coagulation cascades,5/103,25/5151,1.1209244883076246e-4,0.0074354657724405755,0.006489562827044143,3684/5329/2153/5328/2161,5
Environmental Information Processing,Signal transduction,hsa04010,MAPK signaling pathway,12/103,207/5151,7.826347800322748e-4,0.03893608030660567,0.03398282597508562,1844/2353/1848/5159/3815/3315/3481/356/3164/8911/5154/9064,12
Environmental Information Processing,Signal transduction,hsa04015,Rap1 signaling pathway,9/103,131/5151,0.0011244466442699426,0.04475297644194371,0.03905972553779801,5159/3684/64411/3815/136/5154/5217/10451/6714,9
