ID,Description,GeneRatio,BgRatio,pvalue,p.adjust,qvalue,geneID,Count
HALLMARK_INTERFERON_ALPHA_RESPONSE,HALLMARK_INTERFERON_ALPHA_RESPONSE,7/26,91/3205,5.0010972177962845e-6,8.36410799655379e-5,6.248230082315225e-5,972/10964/4599/55601/91543/129607/3429,7
HALLMARK_INTERFERON_GAMMA_RESPONSE,HALLMARK_INTERFERON_GAMMA_RESPONSE,9/26,177/3205,5.3961987074540585e-6,8.36410799655379e-5,6.248230082315225e-5,972/4940/5292/10964/4599/55601/91543/129607/3429,9
HALLMARK_KRAS_SIGNALING_DN,HALLMARK_KRAS_SIGNALING_DN,5/26,69/3205,1.850431355922304e-4,0.0019121124011197141,0.0014284031519400243,10964/4599/3485/91543/3458,5
HALLMARK_COMPLEMENT,HALLMARK_COMPLEMENT,5/26,139/3205,0.004493366433514553,0.03482358985973778,0.02601422672034741,5292/7076/3003/2335/1191,5
HALLMARK_ALLOGRAFT_REJECTION,HALLMARK_ALLOGRAFT_REJECTION,5/26,156/3205,0.007338203234229407,0.045496860052222324,0.03398746761116778,4050/972/7076/1230/3458,5
