ID,Description,GeneRatio,BgRatio,pvalue,p.adjust,qvalue,geneID,Count
HALLMARK_KRAS_SIGNALING_UP,HALLMARK_KRAS_SIGNALING_UP,13/79,117/3205,3.6169933501432393e-6,1.4829672735587282e-4,1.1422084263610229e-4,1848/5329/2118/2012/8829/2119/3481/2115/23268/2207/50486/5328/3394,13
HALLMARK_TNFA_SIGNALING_VIA_NFKB,HALLMARK_TNFA_SIGNALING_VIA_NFKB,13/79,163/3205,1.3231352774396328e-4,0.002712427318751247,0.002089160964378367,22822/1958/1844/2353/1959/7262/5329/1960/3164/8744/23764/50486/5328,13
HALLMARK_ANGIOGENESIS,HALLMARK_ANGIOGENESIS,4/79,13/3205,2.0655553165908514e-4,0.00282292559934083,0.0021742687543061592,8829/6781/3714/5154,4
